{"numberOfTx":[9,1,2,4,1,1,5,1,109,27,68,1,113,7,3,29,56,67,35,5,19,3,15,6,1,14,3,14,8,3,1,1,8,6,19,2,8,1,3,16,3,6,22,11,3,3,13,24,2,6,1,241,20,4,4,29,3,99,24,102,16,1,5,1,2,1,128,18,11,11,53,6,1,1,2,10,3,4,9,2,1,1,30,12,6,8,1,9,4,356,42,1,26,451,7,4,3,1,32,1,9,1,13,1,27,1,2,8,2,16,7,21,25,1,1,2,4,1,2,1,3,4,4,1,2,10,4,46,7,1,4,1,3,7,3,3,6,1,2,3,4,2,1,5,33,4,2,1,28,1,20,9,29,7,1,7,1,1,3,8,19,4,3,3,16,3,8,11,93,1,1,1,32,6,3,1,2,1,3,1,3,5,4,2,8,1,6,1,18,5,14,19,2,1,1,1,1,3,1,1,1,1,2,3,6,5,3,2,9,1,3,1,5,3,3],
  "totalValueOfTx":[23.87106,2.6136,4.18176,15.681600000000001,1.56816,1.56816,21.60576,6.79536,321.48674,82.41552,19.86336,1.21968,1153.504920000002,205.25471999999993,12.89376,159.60383999999985,162.74592,23.697999999999997,95.48632,14.8104,48.26763999999999,7.143839999999999,22.303060000000002,21.60576,2.96208,41.46912,8.886239999999999,39.726859999999995,22.65176,8.886239999999999,2.96208,2.96208,148.62672,137.30111999999994,56.27952,11.49984,40.9464,1.56816,22.651200000000003,83.46096,7.143839999999999,55.58256,65.16575999999999,36.41616,7.492999999999999,14.63616,173.89151999999993,71.08991999999999,5.92416,28.92384,15.6816,479.36036000000223,43.56384000000001,9.06048,6.62158,95.13504,8.886239999999999,304.22931999999986,37.116359999999986,302.1321599999996,47.39328,1.56816,44.431200000000004,1.56816,5.92416,6.79536,314.1890799999997,49.48523999999999,71.78828,17.251559999999998,503.2051200000007,36.416160000000005,2.6136,1.56816,5.92416,26.660079999999997,6.0984,7.6665600000000005,171.62639999999993,5.92416,2.96208,2.96208,381.5891800000003,35.544959999999996,17.772479999999998,23.698680000000003,2.96208,63.42336,10.10592,742.1318600000051,70.4007,2.96242,67.43861999999999,1192.2869199999998,20.736939999999997,11.84968,7.14466,2.96242,94.79743999999997,2.96242,25.093439999999998,1.56834,48.09576000000002,39.54309144,76.32588,1.56834,5.40206,23.873620000000003,4.87928,39.03424,17.07748,67.61287999999996,60.11969999999997,2.43964,2.43964,4.87928,7.31892,2.43964,4.87928,1.7426,11.84968,6.9704,6.9704,1.7426,3.4852,27.184559999999998,12.720979999999999,71.79512,11.50116,1.21982,4.87928,1.21982,13.24376,8.53874,3.6594599999999997,8.53874,7.66744,1.56834,2.43964,4.00798,7.493180000000001,2.78816,1.21982,24.570659999999997,49.66409999999998,16.38044,2.43964,1.56834,48.967059999999975,1.21982,36.420339999999996,14.11506,45.48185999999998,16.03192,3.4852,10.978380000000001,1.56834,1.56834,4.70502,32.238099999999996,432.86183999999963,8.19022,5.2278,4.70502,26.138999999999996,4.70502,21.433979999999995,35.02625999999999,226.53799999999964,1.56834,2.09112,2.09112,71.96938000000007,29.27568,43.913520000000005,2.09112,4.18224,2.09112,9.06152,2.09112,6.27336,10.4556,8.36448,4.18224,25.09344,2.09112,15.33488,2.09112,37.594440000000006,10.4556,55.240420000000015,60.642480000000035,4.18224,3.4852,1.56834,2.09112,2.09112,7.66744,2.09112,2.09112,2.09112,2.09112,3.65946,8.53874,12.54672,70.40104000000001,6.27336,4.18224,18.682920000000003,2.09112,15.9862,2.09112,10.227,6.1362,6.1362],
  "feesUsd":[0.013105420652333333,0.0138686328,0.010135889280000001,0.02225820168,0.01605952656,0.04129592544,0.022093673818000002,0.01664235936,0.017491469030660553,0.012409863252333323,0.035658749027499985,0.00927932544,0.022863693311044236,0.03127461837571428,0.01420474176,0.019976769812,0.015029307277892855,0.016834004240537326,0.027356476933714284,0.020524914432,0.02891938995210526,0.0184735056,0.025571958090000006,0.026019747071666665,0.01865994607,0.020324996434285713,0.021146881536666665,0.0156602814,0.018426819563750002,0.01243934208,0.00932950656,0.01399425984,0.031829710176250005,0.020684449664999997,0.022385060321684212,0.0153183096,0.009492943680000001,0.005964967008,0.01109490624,0.03282757830000001,0.0114220128,0.01735645296,0.023535800640000003,0.0155072016,0.012985955856666667,0.026266099200000004,0.03299991941923078,0.024140137097083333,0.028429805340000003,0.026266099200000004,0.138686328,0.014374954383195053,0.013501342732799996,0.023482830095000004,0.034076753757499995,0.029096419108620698,0.039625552773333336,0.06288293615939396,0.023383089354166667,0.06189516313794117,0.04273262135999999,0.0458843616,0.061273238400000006,0.00917687232,0.013975441920000001,0.0277372656,0.013686676427539056,0.017400576102666668,0.024291193937272727,0.017678000163272728,0.014797308987169813,0.015948651843166666,0.01109490625,0.01514183933,0.01865901312,0.0154379822432,0.013816186559999999,0.010362139950999999,0.012835234722111113,0.024290394035,0.01399425984,0.0233237664,0.0093622417,0.015549177599999998,0.015549177600000004,0.0094759661325,0.01399425984,0.01266078176,0.01250642448,0.00684256027354777,0.006418956116571425,0.00933057744,0.01022302504715385,0.020590069666432426,0.017994685062857143,0.00816425526,0.009868227626666668,0.01399586616,0.007377016946562496,0.0233264436,0.030864442304333328,0.00917792568,0.01275638427,0.02578588805,0.009086814807037035,0.00458896284,0.004898553155999999,0.014074805939999999,0.002799173232,0.010992586546249999,0.0233264436,0.014924814687619047,0.0051318175920000006,0.03079090555,0.00933057744,0.006997933079999999,0.00466528872,0.03265702104,0.05384093794,0.00466528872,0.006489210053333333,0.033823343219999996,0.038585363665000004,0.00933057744,0.09563841876,0.0082895691112,0.005522796041,0.050048594840434786,0.05487472294285715,0.00466528872,0.0084922833725,0.00466528872,0.005396454636666667,0.03283030319242858,0.00544283684,0.01229234687,0.013218318040000001,0.005047859124,0.0071192305865,0.013919540280000002,0.004866907540000001,0.045253300585,0.01559955805,0.008170702880000002,0.021983547310484852,0.0051066893,0.0100536971905,0.01835585136,0.04843605990657144,0.0466528872,0.03505688364199999,0.04538579964222222,0.031919226222758626,0.016680167199999995,0.03883662916,0.01926097771571428,0.00466528872,0.01376688852,0.016173000896666664,0.024162689459374997,0.017013270285578946,0.004925223649000001,0.021926856984,0.052873272160000005,0.038856402984375,0.024881539839999998,0.027117011215,0.05347907369818181,0.02906705231634405,0.06838146608,0.05598346464,0.05598346464,0.0656284224409375,0.04774619444,0.048683992056666674,0.0466528872,0.07658750558,0.01399586616,0.08065670745666666,0.0948248104,0.034212117279999996,0.0056916522383999996,0.00466528872,0.055983464639999994,0.0066527893675,0.005131817592,0.00884321869,0.00466528872,0.007458795211888889,0.00466528872,0.00944711954042857,0.005740680564526313,0.004898553155999999,0.007212517243,0.00458896284,0.00466528872,0.02985784781,0.023566110439999996,0.00466528872,0.01399586616,0.00466528872,0.005131817592,0.00462712578,0.005228380866666667,0.03561170389666667,0.005194969416,0.012440769919999999,0.00466528872,0.00463128828,0.00466528872,0.031110908493333336,0.0233264436,0.0045632874,0.0045632874,0.0045632874],
  "avgNumTx":15.720930232558139,"avgValTX":52.352512890418566,"avgFees":0.021618176091490117}
